{
  "csv": "src/notebooks/satellite/drone_phenology_rf_package/exports/stac_s2_features_2025_buffer20_items4_label_acacia_species_strict_as_label_acacia.csv",
  "label": "label_acacia",
  "split": "random",
  "holdout": null,
  "n_train": 260,
  "n_test": 112,
  "train_label_counts": {
    "0": 219,
    "1": 41
  },
  "test_label_counts": {
    "0": 95,
    "1": 17
  },
  "accuracy": 0.9196428571428571,
  "balanced_accuracy": 0.9043343653250774,
  "macro_f1": 0.8602910602910603,
  "confusion_matrix": [
    [
      88,
      7
    ],
    [
      2,
      15
    ]
  ],
  "classification_report": {
    "0": {
      "precision": 0.9777777777777777,
      "recall": 0.9263157894736842,
      "f1-score": 0.9513513513513514,
      "support": 95.0
    },
    "1": {
      "precision": 0.6818181818181818,
      "recall": 0.8823529411764706,
      "f1-score": 0.7692307692307693,
      "support": 17.0
    },
    "accuracy": 0.9196428571428571,
    "macro avg": {
      "precision": 0.8297979797979798,
      "recall": 0.9043343653250774,
      "f1-score": 0.8602910602910603,
      "support": 112.0
    },
    "weighted avg": {
      "precision": 0.9328553391053391,
      "recall": 0.9196428571428571,
      "f1-score": 0.9237080487080488,
      "support": 112.0
    }
  }
}