{
  "csv": "src/notebooks/satellite/drone_phenology_rf_package/exports/stac_s2_features_2025_buffer20_items4_label_acacia_species_strict_as_label_acacia.csv",
  "label": "label_acacia",
  "split": "leave_area_out",
  "holdout": "SV_S4",
  "n_train": 348,
  "n_test": 24,
  "train_label_counts": {
    "0": 310,
    "1": 38
  },
  "test_label_counts": {
    "0": 4,
    "1": 20
  },
  "accuracy": 0.2916666666666667,
  "balanced_accuracy": 0.475,
  "macro_f1": 0.29043478260869565,
  "confusion_matrix": [
    [
      3,
      1
    ],
    [
      16,
      4
    ]
  ],
  "classification_report": {
    "0": {
      "precision": 0.15789473684210525,
      "recall": 0.75,
      "f1-score": 0.2608695652173913,
      "support": 4.0
    },
    "1": {
      "precision": 0.8,
      "recall": 0.2,
      "f1-score": 0.32,
      "support": 20.0
    },
    "accuracy": 0.2916666666666667,
    "macro avg": {
      "precision": 0.4789473684210527,
      "recall": 0.475,
      "f1-score": 0.29043478260869565,
      "support": 24.0
    },
    "weighted avg": {
      "precision": 0.6929824561403509,
      "recall": 0.2916666666666667,
      "f1-score": 0.3101449275362319,
      "support": 24.0
    }
  }
}