{
  "csv": "src/notebooks/satellite/drone_phenology_rf_package/exports/stac_s2_features_2025_buffer20_items4_label_acacia_species_strict_as_label_acacia.csv",
  "label": "label_acacia",
  "split": "leave_area_out",
  "holdout": "SV_S1",
  "n_train": 341,
  "n_test": 31,
  "train_label_counts": {
    "0": 296,
    "1": 45
  },
  "test_label_counts": {
    "0": 18,
    "1": 13
  },
  "accuracy": 0.41935483870967744,
  "balanced_accuracy": 0.3931623931623932,
  "macro_f1": 0.3881578947368421,
  "confusion_matrix": [
    [
      10,
      8
    ],
    [
      10,
      3
    ]
  ],
  "classification_report": {
    "0": {
      "precision": 0.5,
      "recall": 0.5555555555555556,
      "f1-score": 0.5263157894736842,
      "support": 18.0
    },
    "1": {
      "precision": 0.2727272727272727,
      "recall": 0.23076923076923078,
      "f1-score": 0.25,
      "support": 13.0
    },
    "accuracy": 0.41935483870967744,
    "macro avg": {
      "precision": 0.38636363636363635,
      "recall": 0.3931623931623932,
      "f1-score": 0.3881578947368421,
      "support": 31.0
    },
    "weighted avg": {
      "precision": 0.4046920821114369,
      "recall": 0.41935483870967744,
      "f1-score": 0.41044142614601015,
      "support": 31.0
    }
  }
}