{
  "csv": "exports/stac_s2_features_2025_buffer20_items4_label_esd.csv",
  "label": "label_esd",
  "split": "leave_area_out",
  "holdout": "SV_S1",
  "n_train": 311,
  "n_test": 31,
  "train_label_counts": {
    "0": 73,
    "1": 136,
    "2": 102
  },
  "test_label_counts": {
    "0": 2,
    "1": 16,
    "2": 13
  },
  "accuracy": 0.5161290322580645,
  "balanced_accuracy": 0.3333333333333333,
  "macro_f1": 0.22695035460992907,
  "confusion_matrix": [
    [
      0,
      2,
      0
    ],
    [
      0,
      16,
      0
    ],
    [
      0,
      13,
      0
    ]
  ],
  "classification_report": {
    "0": {
      "precision": 0.0,
      "recall": 0.0,
      "f1-score": 0.0,
      "support": 2.0
    },
    "1": {
      "precision": 0.5161290322580645,
      "recall": 1.0,
      "f1-score": 0.6808510638297872,
      "support": 16.0
    },
    "2": {
      "precision": 0.0,
      "recall": 0.0,
      "f1-score": 0.0,
      "support": 13.0
    },
    "accuracy": 0.5161290322580645,
    "macro avg": {
      "precision": 0.17204301075268816,
      "recall": 0.3333333333333333,
      "f1-score": 0.22695035460992907,
      "support": 31.0
    },
    "weighted avg": {
      "precision": 0.26638917793964617,
      "recall": 0.5161290322580645,
      "f1-score": 0.3514070006863418,
      "support": 31.0
    }
  }
}